pdf_filename,file_id,district,state,stage,doc_date,drive_url,error
20260512_AZ_TUCSON_UNIFIED_DISTRICT_19Q54Wxr.pdf,19Q54WxrnbE-wFM2Um57xINR9fOL5Lmaq,TUCSON UNIFIED DISTRICT (4403),AZ,Active Evaluation,2026-05-12,https://drive.google.com/file/d/19Q54WxrnbE-wFM2Um57xINR9fOL5Lmaq/view,"Failed to retrieve file url:

	Only the owner and editors can download this file. If you'd like to
	download it, please contact the owner.

You may still be able to access the file from the browser:

	https://drive.google.com/uc?id=19Q54WxrnbE-wFM2Um57xINR9fOL5Lmaq

but Gdown can't. Please check connections and permissions."
20260507_KS_OLATHE_1RZQM8Mi.pdf,1RZQM8Miiag5Qfe-i55FtNF24Xq0Vzs1l,OLATHE,KS,Preliminary Consideration,2026-05-07,https://drive.google.com/file/d/1RZQM8Miiag5Qfe-i55FtNF24Xq0Vzs1l/view,"Failed to retrieve file url:

	Only the owner and editors can download this file. If you'd like to
	download it, please contact the owner.

You may still be able to access the file from the browser:

	https://drive.google.com/uc?id=1RZQM8Miiag5Qfe-i55FtNF24Xq0Vzs1l

but Gdown can't. Please check connections and permissions."
20260514_CO_LITTLETON_SCHOOL_DISTRICT_NO_6_IN_THE_COUNTY_OF_ARAPAHOE_13zRrrsC.pdf,13zRrrsC4KEo4hkWYGkpJ-3P9bV_GczLB,LITTLETON SCHOOL DISTRICT NO. 6 IN THE COUNTY OF ARAPAHOE,CO,Active Evaluation,2026-05-14,https://drive.google.com/file/d/13zRrrsC4KEo4hkWYGkpJ-3P9bV_GczLB/view,"Failed to retrieve file url:

	Only the owner and editors can download this file. If you'd like to
	download it, please contact the owner.

You may still be able to access the file from the browser:

	https://drive.google.com/uc?id=13zRrrsC4KEo4hkWYGkpJ-3P9bV_GczLB

but Gdown can't. Please check connections and permissions."
20260507_NH_KEARSARGE_REGIONAL_SCHOOL_DISTRICT_133c9510.pdf,133c9510YGZx7O70Oy8yvW2CT6yXjgTD1,KEARSARGE REGIONAL SCHOOL DISTRICT,NH,Active Evaluation,2026-05-07,https://drive.google.com/file/d/133c9510YGZx7O70Oy8yvW2CT6yXjgTD1/view,"Failed to retrieve file url:

	Only the owner and editors can download this file. If you'd like to
	download it, please contact the owner.

You may still be able to access the file from the browser:

	https://drive.google.com/uc?id=133c9510YGZx7O70Oy8yvW2CT6yXjgTD1

but Gdown can't. Please check connections and permissions."
20260414_NY_GARDEN_CITY_UNION_FREE_SCHOOL_DISTRICT_1uIQ50Zw.pdf,1uIQ50ZwHl7nl88FkoTiN147_MLFoc7AR,GARDEN CITY UNION FREE SCHOOL DISTRICT,NY,Preliminary Consideration,2026-04-14,https://drive.google.com/file/d/1uIQ50ZwHl7nl88FkoTiN147_MLFoc7AR/view,"Failed to retrieve file url:

	Only the owner and editors can download this file. If you'd like to
	download it, please contact the owner.

You may still be able to access the file from the browser:

	https://drive.google.com/uc?id=1uIQ50ZwHl7nl88FkoTiN147_MLFoc7AR

but Gdown can't. Please check connections and permissions."
20260414_CA_SANTA_MARIA_JOINT_UNION_HIGH_1fBGN8Au.pdf,1fBGN8AuqIBZWPmh5p5v5Tndj5v4r0hMA,SANTA MARIA JOINT UNION HIGH,CA,Active Evaluation,2026-04-14,https://drive.google.com/file/d/1fBGN8AuqIBZWPmh5p5v5Tndj5v4r0hMA/view,"Failed to retrieve file url:

	Only the owner and editors can download this file. If you'd like to
	download it, please contact the owner.

You may still be able to access the file from the browser:

	https://drive.google.com/uc?id=1fBGN8AuqIBZWPmh5p5v5Tndj5v4r0hMA

but Gdown can't. Please check connections and permissions."
20260408_PA_COMMONWEALTH_CHARTER_ACADEMY_CS_1oAVUl6b.pdf,1oAVUl6boDelQgJWqU2Yd4Xjm1SbNj5GB,COMMONWEALTH CHARTER ACADEMY CS,PA,Active Evaluation,2026-04-08,https://drive.google.com/file/d/1oAVUl6boDelQgJWqU2Yd4Xjm1SbNj5GB/view,"Failed to retrieve file url:

	Only the owner and editors can download this file. If you'd like to
	download it, please contact the owner.

You may still be able to access the file from the browser:

	https://drive.google.com/uc?id=1oAVUl6boDelQgJWqU2Yd4Xjm1SbNj5GB

but Gdown can't. Please check connections and permissions."
20260507_IL_SCHAUMBURG_CCSD_54_1hT4PeVj.pdf,1hT4PeVjF-AD3aNWHTlRYzT68TepEBj75,SCHAUMBURG CCSD 54,IL,Active Evaluation,2026-05-07,https://drive.google.com/file/d/1hT4PeVjF-AD3aNWHTlRYzT68TepEBj75/view,"Failed to retrieve file url:

	Only the owner and editors can download this file. If you'd like to
	download it, please contact the owner.

You may still be able to access the file from the browser:

	https://drive.google.com/uc?id=1hT4PeVjF-AD3aNWHTlRYzT68TepEBj75

but Gdown can't. Please check connections and permissions."
20260511_OH_BEACHWOOD_CITY_1ZYmZHIR.pdf,1ZYmZHIRfsWGnf0mpVP5nR1bLkVLVmsAb,BEACHWOOD CITY,OH,Active Evaluation,2026-05-11,https://drive.google.com/file/d/1ZYmZHIRfsWGnf0mpVP5nR1bLkVLVmsAb/view,"Failed to retrieve file url:

	Only the owner and editors can download this file. If you'd like to
	download it, please contact the owner.

You may still be able to access the file from the browser:

	https://drive.google.com/uc?id=1ZYmZHIRfsWGnf0mpVP5nR1bLkVLVmsAb

but Gdown can't. Please check connections and permissions."
20260427_PA_UPPER_DUBLIN_SD_1KvQHd82.pdf,1KvQHd82QPn1RTwm_bafLy9JhLQynCOez,UPPER DUBLIN SD,PA,Active Evaluation,2026-04-27,https://drive.google.com/file/d/1KvQHd82QPn1RTwm_bafLy9JhLQynCOez/view,"Failed to retrieve file url:

	Only the owner and editors can download this file. If you'd like to
	download it, please contact the owner.

You may still be able to access the file from the browser:

	https://drive.google.com/uc?id=1KvQHd82QPn1RTwm_bafLy9JhLQynCOez

but Gdown can't. Please check connections and permissions."
20260413_MI_DEARBORN_CITY_SCHOOL_DISTRICT_1uD3pCGT.pdf,1uD3pCGT11ADQ3iQjyMxuDXimprUXsWXB,DEARBORN CITY SCHOOL DISTRICT,MI,Active Evaluation,2026-04-13,https://drive.google.com/file/d/1uD3pCGT11ADQ3iQjyMxuDXimprUXsWXB/view,"Failed to retrieve file url:

	Only the owner and editors can download this file. If you'd like to
	download it, please contact the owner.

You may still be able to access the file from the browser:

	https://drive.google.com/uc?id=1uD3pCGT11ADQ3iQjyMxuDXimprUXsWXB

but Gdown can't. Please check connections and permissions."
20260408_PA_UPPER_DUBLIN_SD_1sAJHa64.pdf,1sAJHa64xu2DSeIVl36htR22I2Icdt0DN,UPPER DUBLIN SD,PA,Active Evaluation,2026-04-08,https://drive.google.com/file/d/1sAJHa64xu2DSeIVl36htR22I2Icdt0DN/view,"Failed to retrieve file url:

	Only the owner and editors can download this file. If you'd like to
	download it, please contact the owner.

You may still be able to access the file from the browser:

	https://drive.google.com/uc?id=1sAJHa64xu2DSeIVl36htR22I2Icdt0DN

but Gdown can't. Please check connections and permissions."
20260423_CA_CASTAIC_UNION_18FicCdT.pdf,18FicCdTv9jZUcq9Z2XCDJQnE2eV0SgIu,CASTAIC UNION,CA,Preliminary Consideration,2026-04-23,https://drive.google.com/file/d/18FicCdTv9jZUcq9Z2XCDJQnE2eV0SgIu/view,"Failed to retrieve file url:

	Only the owner and editors can download this file. If you'd like to
	download it, please contact the owner.

You may still be able to access the file from the browser:

	https://drive.google.com/uc?id=18FicCdTv9jZUcq9Z2XCDJQnE2eV0SgIu

but Gdown can't. Please check connections and permissions."
20260520_CA_CONEJO_VALLEY_UNIFIED_1QbJ87m2.pdf,1QbJ87m2i6zF5adYOcqvwOe2jkSg9jkCP,CONEJO VALLEY UNIFIED,CA,Active Evaluation,2026-05-20,https://drive.google.com/file/d/1QbJ87m2i6zF5adYOcqvwOe2jkSg9jkCP/view,"Failed to retrieve file url:

	Only the owner and editors can download this file. If you'd like to
	download it, please contact the owner.

You may still be able to access the file from the browser:

	https://drive.google.com/uc?id=1QbJ87m2i6zF5adYOcqvwOe2jkSg9jkCP

but Gdown can't. Please check connections and permissions."
20260413_VA_MANASSAS_PARK_CITY_PUBLIC_SCHOOLS_1zvGuIah.pdf,1zvGuIahpfb9UsLUNmsUFebS_g21hoJrW,MANASSAS PARK CITY PUBLIC SCHOOLS,VA,Active Evaluation,2026-04-13,https://drive.google.com/file/d/1zvGuIahpfb9UsLUNmsUFebS_g21hoJrW/view,"Failed to retrieve file url:

	Only the owner and editors can download this file. If you'd like to
	download it, please contact the owner.

You may still be able to access the file from the browser:

	https://drive.google.com/uc?id=1zvGuIahpfb9UsLUNmsUFebS_g21hoJrW

but Gdown can't. Please check connections and permissions."
20260421_MN_SAINT_PAUL_PUBLIC_SCHOOLS_1lUKmu7e.pdf,1lUKmu7eKinX5KMaAjsaYz-lbtRj2Fq4Z,SAINT PAUL PUBLIC SCHOOLS,MN,Preliminary Consideration,2026-04-21,https://drive.google.com/file/d/1lUKmu7eKinX5KMaAjsaYz-lbtRj2Fq4Z/view,"Failed to retrieve file url:

	Only the owner and editors can download this file. If you'd like to
	download it, please contact the owner.

You may still be able to access the file from the browser:

	https://drive.google.com/uc?id=1lUKmu7eKinX5KMaAjsaYz-lbtRj2Fq4Z

but Gdown can't. Please check connections and permissions."
20260512_AZ_TUCSON_UNIFIED_DISTRICT_1qWluXAD.pdf,1qWluXADmL28FFbq54eSBtfZG_1zgwo8M,TUCSON UNIFIED DISTRICT (4403),AZ,Active Evaluation,2026-05-12,https://drive.google.com/file/d/1qWluXADmL28FFbq54eSBtfZG_1zgwo8M/view,"Failed to retrieve file url:

	Only the owner and editors can download this file. If you'd like to
	download it, please contact the owner.

You may still be able to access the file from the browser:

	https://drive.google.com/uc?id=1qWluXADmL28FFbq54eSBtfZG_1zgwo8M

but Gdown can't. Please check connections and permissions."
20260505_GA_FORSYTH_COUNTY_1lYqmYz2.pdf,1lYqmYz29GwzygrRHMLPxyGAXQx00Kya4,FORSYTH COUNTY,GA,Preliminary Consideration,2026-05-05,https://drive.google.com/file/d/1lYqmYz29GwzygrRHMLPxyGAXQx00Kya4/view,"Failed to retrieve file url:

	Only the owner and editors can download this file. If you'd like to
	download it, please contact the owner.

You may still be able to access the file from the browser:

	https://drive.google.com/uc?id=1lYqmYz29GwzygrRHMLPxyGAXQx00Kya4

but Gdown can't. Please check connections and permissions."
20260512_CO_POUDRE_SCHOOL_DISTRICT_R_1_1JCPXBA8.pdf,1JCPXBA8Gb_Ss46MnZrDFrU20n3PA1uK-,POUDRE SCHOOL DISTRICT R-1,CO,Preliminary Consideration,2026-05-12,https://drive.google.com/file/d/1JCPXBA8Gb_Ss46MnZrDFrU20n3PA1uK-/view,"Failed to retrieve file url:

	Only the owner and editors can download this file. If you'd like to
	download it, please contact the owner.

You may still be able to access the file from the browser:

	https://drive.google.com/uc?id=1JCPXBA8Gb_Ss46MnZrDFrU20n3PA1uK-

but Gdown can't. Please check connections and permissions."
20260507_IL_SCHAUMBURG_CCSD_54_1d2x9P5O.pdf,1d2x9P5O6lF4rXqiMBSSVbfX7lDPRPOCi,SCHAUMBURG CCSD 54,IL,Active Evaluation,2026-05-07,https://drive.google.com/file/d/1d2x9P5O6lF4rXqiMBSSVbfX7lDPRPOCi/view,"Failed to retrieve file url:

	Only the owner and editors can download this file. If you'd like to
	download it, please contact the owner.

You may still be able to access the file from the browser:

	https://drive.google.com/uc?id=1d2x9P5O6lF4rXqiMBSSVbfX7lDPRPOCi

but Gdown can't. Please check connections and permissions."
20260514_CO_ACADEMY_SCHOOL_DISTRICT_NO_20_IN_THE_COUNTY_OF_EL_PASO_AN_1cNgKojk.pdf,1cNgKojkdiG6ushHHB7-ZjoJP6clKeAKF,ACADEMY SCHOOL DISTRICT NO. 20 IN THE COUNTY OF EL PASO AN,CO,Preliminary Consideration,2026-05-14,https://drive.google.com/file/d/1cNgKojkdiG6ushHHB7-ZjoJP6clKeAKF/view,"Failed to retrieve file url:

	Only the owner and editors can download this file. If you'd like to
	download it, please contact the owner.

You may still be able to access the file from the browser:

	https://drive.google.com/uc?id=1cNgKojkdiG6ushHHB7-ZjoJP6clKeAKF

but Gdown can't. Please check connections and permissions."
20260511_AZ_DYSART_UNIFIED_DISTRICT_1yVMtgj5.pdf,1yVMtgj50ojKEzfCsJslVgV4c0h4OhcXZ,DYSART UNIFIED DISTRICT (4243),AZ,Active Evaluation,2026-05-11,https://drive.google.com/file/d/1yVMtgj50ojKEzfCsJslVgV4c0h4OhcXZ/view,"Failed to retrieve file url:

	Only the owner and editors can download this file. If you'd like to
	download it, please contact the owner.

You may still be able to access the file from the browser:

	https://drive.google.com/uc?id=1yVMtgj50ojKEzfCsJslVgV4c0h4OhcXZ

but Gdown can't. Please check connections and permissions."
20260414_NY_DOBBS_FERRY_UNION_FREE_SCHOOL_DISTRICT_1j3EbjHF.pdf,1j3EbjHFpWb58B4BmhGEmrPGP0qAMfDpi,DOBBS FERRY UNION FREE SCHOOL DISTRICT,NY,Preliminary Consideration,2026-04-14,https://drive.google.com/file/d/1j3EbjHFpWb58B4BmhGEmrPGP0qAMfDpi/view,"Failed to retrieve file url:

	Only the owner and editors can download this file. If you'd like to
	download it, please contact the owner.

You may still be able to access the file from the browser:

	https://drive.google.com/uc?id=1j3EbjHFpWb58B4BmhGEmrPGP0qAMfDpi

but Gdown can't. Please check connections and permissions."
20260507_IL_HINSDALE_CCSD_181_1Py5n2el.pdf,1Py5n2elu7Y5M4Z7BkmCK7KzrHLQanyvn,HINSDALE CCSD 181,IL,Active Evaluation,2026-05-07,https://drive.google.com/file/d/1Py5n2elu7Y5M4Z7BkmCK7KzrHLQanyvn/view,"Failed to retrieve file url:

	Only the owner and editors can download this file. If you'd like to
	download it, please contact the owner.

You may still be able to access the file from the browser:

	https://drive.google.com/uc?id=1Py5n2elu7Y5M4Z7BkmCK7KzrHLQanyvn

but Gdown can't. Please check connections and permissions."
20260427_IL_GLENBARD_TWP_HSD_87_1jo1Y-z9.pdf,1jo1Y-z9-ajZtfQzs3tDEBzifp1jdg5KE,GLENBARD TWP HSD 87,IL,Preliminary Consideration,2026-04-27,https://drive.google.com/file/d/1jo1Y-z9-ajZtfQzs3tDEBzifp1jdg5KE/view,"Failed to retrieve file url:

	Only the owner and editors can download this file. If you'd like to
	download it, please contact the owner.

You may still be able to access the file from the browser:

	https://drive.google.com/uc?id=1jo1Y-z9-ajZtfQzs3tDEBzifp1jdg5KE

but Gdown can't. Please check connections and permissions."
20260511_IA_MUSCATINE_COMM_SCHOOL_DISTRICT_1PPm73yp.pdf,1PPm73yp3z7RM9KBpR6PG6aZ7kvOJX8bS,MUSCATINE COMM SCHOOL DISTRICT,IA,Active Evaluation,2026-05-11,https://drive.google.com/file/d/1PPm73yp3z7RM9KBpR6PG6aZ7kvOJX8bS/view,"Failed to retrieve file url:

	Only the owner and editors can download this file. If you'd like to
	download it, please contact the owner.

You may still be able to access the file from the browser:

	https://drive.google.com/uc?id=1PPm73yp3z7RM9KBpR6PG6aZ7kvOJX8bS

but Gdown can't. Please check connections and permissions."
20260421_CA_STOCKTON_UNIFIED_1eu43xoN.pdf,1eu43xoNpj2C5mv2yJMW4yzHHkpDWtEOW,STOCKTON UNIFIED,CA,Active Evaluation,2026-04-21,https://drive.google.com/file/d/1eu43xoNpj2C5mv2yJMW4yzHHkpDWtEOW/view,"Failed to retrieve file url:

	Only the owner and editors can download this file. If you'd like to
	download it, please contact the owner.

You may still be able to access the file from the browser:

	https://drive.google.com/uc?id=1eu43xoNpj2C5mv2yJMW4yzHHkpDWtEOW

but Gdown can't. Please check connections and permissions."
20260504_NY_NORTH_SYRACUSE_CENTRAL_SCHOOL_DISTRICT_1DhinzTc.pdf,1DhinzTcmyLtkILCd5QxC5PgMdj2jJdHy,NORTH SYRACUSE CENTRAL SCHOOL DISTRICT,NY,Active Evaluation,2026-05-04,https://drive.google.com/file/d/1DhinzTcmyLtkILCd5QxC5PgMdj2jJdHy/view,"Failed to retrieve file url:

	Only the owner and editors can download this file. If you'd like to
	download it, please contact the owner.

You may still be able to access the file from the browser:

	https://drive.google.com/uc?id=1DhinzTcmyLtkILCd5QxC5PgMdj2jJdHy

but Gdown can't. Please check connections and permissions."
20260511_AZ_DYSART_UNIFIED_DISTRICT_14r9AyGM.pdf,14r9AyGMLz6EWbPhFg8OEniKHxyrrB1BJ,DYSART UNIFIED DISTRICT (4243),AZ,Preliminary Consideration,2026-05-11,https://drive.google.com/file/d/14r9AyGMLz6EWbPhFg8OEniKHxyrrB1BJ/view,"Failed to retrieve file url:

	Only the owner and editors can download this file. If you'd like to
	download it, please contact the owner.

You may still be able to access the file from the browser:

	https://drive.google.com/uc?id=14r9AyGMLz6EWbPhFg8OEniKHxyrrB1BJ

but Gdown can't. Please check connections and permissions."
20260427_WY_NATRONA_COUNTY_SCHOOL_DISTRICT_1_195J86dI.pdf,195J86dIA9ls5vmyhxflMFqk2RCcs4p90,NATRONA COUNTY SCHOOL DISTRICT #1,WY,Preliminary Consideration,2026-04-27,https://drive.google.com/file/d/195J86dIA9ls5vmyhxflMFqk2RCcs4p90/view,"Failed to retrieve file url:

	Only the owner and editors can download this file. If you'd like to
	download it, please contact the owner.

You may still be able to access the file from the browser:

	https://drive.google.com/uc?id=195J86dIA9ls5vmyhxflMFqk2RCcs4p90

but Gdown can't. Please check connections and permissions."
20260504_PA_PENNRIDGE_SD_1Er_C_b4.pdf,1Er_C_b4e4NdIJIzrgzS1rHots3x23wOc,PENNRIDGE SD,PA,Active Evaluation,2026-05-04,https://drive.google.com/file/d/1Er_C_b4e4NdIJIzrgzS1rHots3x23wOc/view,"Failed to retrieve file url:

	Only the owner and editors can download this file. If you'd like to
	download it, please contact the owner.

You may still be able to access the file from the browser:

	https://drive.google.com/uc?id=1Er_C_b4e4NdIJIzrgzS1rHots3x23wOc

but Gdown can't. Please check connections and permissions."
20260512_IL_OAK_PARK_ESD_97_1z8F-nsH.pdf,1z8F-nsHAjEJeObb75idR4OH4sgS271w7,OAK PARK ESD 97,IL,Preliminary Consideration,2026-05-12,https://drive.google.com/file/d/1z8F-nsHAjEJeObb75idR4OH4sgS271w7/view,"Failed to retrieve file url:

	Only the owner and editors can download this file. If you'd like to
	download it, please contact the owner.

You may still be able to access the file from the browser:

	https://drive.google.com/uc?id=1z8F-nsHAjEJeObb75idR4OH4sgS271w7

but Gdown can't. Please check connections and permissions."
20260414_PA_ATHENS_AREA_SD_1LlYpb0O.pdf,1LlYpb0OPR0sBc2_jXO0RMsrqo2OXzUC-,ATHENS AREA SD,PA,Preliminary Consideration,2026-04-14,https://drive.google.com/file/d/1LlYpb0OPR0sBc2_jXO0RMsrqo2OXzUC-/view,"Failed to retrieve file url:

	Only the owner and editors can download this file. If you'd like to
	download it, please contact the owner.

You may still be able to access the file from the browser:

	https://drive.google.com/uc?id=1LlYpb0OPR0sBc2_jXO0RMsrqo2OXzUC-

but Gdown can't. Please check connections and permissions."
20260409_IL_BRADLEY_BOURBONNAIS_CHSD_307_15kl2eJ9.pdf,15kl2eJ9IIPaxM1ZETZfFDZC-zapDGMe1,BRADLEY BOURBONNAIS CHSD 307,IL,Active Evaluation,2026-04-09,https://drive.google.com/file/d/15kl2eJ9IIPaxM1ZETZfFDZC-zapDGMe1/view,"Failed to retrieve file url:

	Only the owner and editors can download this file. If you'd like to
	download it, please contact the owner.

You may still be able to access the file from the browser:

	https://drive.google.com/uc?id=15kl2eJ9IIPaxM1ZETZfFDZC-zapDGMe1

but Gdown can't. Please check connections and permissions."
20260421_CA_LOS_ANGELES_UNIFIED_1AhJI48_.pdf,1AhJI48_mOm32AcOLvc-8y0HXdVKSrF46,LOS ANGELES UNIFIED,CA,Active Evaluation,2026-04-21,https://drive.google.com/file/d/1AhJI48_mOm32AcOLvc-8y0HXdVKSrF46/view,"Failed to retrieve file url:

	Only the owner and editors can download this file. If you'd like to
	download it, please contact the owner.

You may still be able to access the file from the browser:

	https://drive.google.com/uc?id=1AhJI48_mOm32AcOLvc-8y0HXdVKSrF46

but Gdown can't. Please check connections and permissions."
20260416_IL_SCHAUMBURG_CCSD_54_1Ga7wZWA.pdf,1Ga7wZWAXBXXDsyYxMhT0ldXL6jYLnyYi,SCHAUMBURG CCSD 54,IL,Active Evaluation,2026-04-16,https://drive.google.com/file/d/1Ga7wZWAXBXXDsyYxMhT0ldXL6jYLnyYi/view,"Failed to retrieve file url:

	Only the owner and editors can download this file. If you'd like to
	download it, please contact the owner.

You may still be able to access the file from the browser:

	https://drive.google.com/uc?id=1Ga7wZWAXBXXDsyYxMhT0ldXL6jYLnyYi

but Gdown can't. Please check connections and permissions."
20260512_AZ_TUCSON_UNIFIED_DISTRICT_1vl0xGsY.pdf,1vl0xGsYFMtXyJ_9sogeYL9urKmxNaoi6,TUCSON UNIFIED DISTRICT (4403),AZ,Active Evaluation,2026-05-12,https://drive.google.com/file/d/1vl0xGsYFMtXyJ_9sogeYL9urKmxNaoi6/view,"Failed to retrieve file url:

	Only the owner and editors can download this file. If you'd like to
	download it, please contact the owner.

You may still be able to access the file from the browser:

	https://drive.google.com/uc?id=1vl0xGsYFMtXyJ_9sogeYL9urKmxNaoi6

but Gdown can't. Please check connections and permissions."
20260507_NY_MINISINK_VALLEY_CENTRAL_SCHOOL_DISTRICT_1pBKgJFj.pdf,1pBKgJFjZr_Z9ecOnebod5XotmLloqcXn,MINISINK VALLEY CENTRAL SCHOOL DISTRICT,NY,Active Evaluation,2026-05-07,https://drive.google.com/file/d/1pBKgJFjZr_Z9ecOnebod5XotmLloqcXn/view,"Failed to retrieve file url:

	Only the owner and editors can download this file. If you'd like to
	download it, please contact the owner.

You may still be able to access the file from the browser:

	https://drive.google.com/uc?id=1pBKgJFjZr_Z9ecOnebod5XotmLloqcXn

but Gdown can't. Please check connections and permissions."
20260421_UT_IRON_DISTRICT_1F2qL8Ug.pdf,1F2qL8UgNOeqbv5aj_PGw764J02AfVzBS,IRON DISTRICT,UT,Active Evaluation,2026-04-21,https://drive.google.com/file/d/1F2qL8UgNOeqbv5aj_PGw764J02AfVzBS/view,"Failed to retrieve file url:

	Only the owner and editors can download this file. If you'd like to
	download it, please contact the owner.

You may still be able to access the file from the browser:

	https://drive.google.com/uc?id=1F2qL8UgNOeqbv5aj_PGw764J02AfVzBS

but Gdown can't. Please check connections and permissions."
20260421_OH_CRESTWOOD_LOCAL_1gB-pPGG.pdf,1gB-pPGGKs2olHbKFWrtlconrRfeaQLQ3,CRESTWOOD LOCAL,OH,Active Evaluation,2026-04-21,https://drive.google.com/file/d/1gB-pPGGKs2olHbKFWrtlconrRfeaQLQ3/view,"Failed to retrieve file url:

	Only the owner and editors can download this file. If you'd like to
	download it, please contact the owner.

You may still be able to access the file from the browser:

	https://drive.google.com/uc?id=1gB-pPGGKs2olHbKFWrtlconrRfeaQLQ3

but Gdown can't. Please check connections and permissions."
20260421_CA_WEST_COVINA_UNIFIED_155iofaV.pdf,155iofaVNLnVuDSXMH781HFwcH93ZxOys,WEST COVINA UNIFIED,CA,Preliminary Consideration,2026-04-21,https://drive.google.com/file/d/155iofaVNLnVuDSXMH781HFwcH93ZxOys/view,"Failed to retrieve file url:

	Only the owner and editors can download this file. If you'd like to
	download it, please contact the owner.

You may still be able to access the file from the browser:

	https://drive.google.com/uc?id=155iofaVNLnVuDSXMH781HFwcH93ZxOys

but Gdown can't. Please check connections and permissions."
20260413_FL_INDIAN_RIVER_19Vjz_tQ.pdf,19Vjz_tQQRfbA62Y1Rrjk50lvIyXWDXkW,INDIAN RIVER,FL,Active Evaluation,2026-04-13,https://drive.google.com/file/d/19Vjz_tQQRfbA62Y1Rrjk50lvIyXWDXkW/view,"Failed to retrieve file url:

	Only the owner and editors can download this file. If you'd like to
	download it, please contact the owner.

You may still be able to access the file from the browser:

	https://drive.google.com/uc?id=19Vjz_tQQRfbA62Y1Rrjk50lvIyXWDXkW

but Gdown can't. Please check connections and permissions."
20260505_IL_ROCKFORD_SD_205_1Z7NHUoU.pdf,1Z7NHUoUvUPsp8sxGan6go8nRWNyb8kT4,ROCKFORD SD 205,IL,Active Evaluation,2026-05-05,https://drive.google.com/file/d/1Z7NHUoUvUPsp8sxGan6go8nRWNyb8kT4/view,"Failed to retrieve file url:

	Only the owner and editors can download this file. If you'd like to
	download it, please contact the owner.

You may still be able to access the file from the browser:

	https://drive.google.com/uc?id=1Z7NHUoUvUPsp8sxGan6go8nRWNyb8kT4

but Gdown can't. Please check connections and permissions."
20260511_MA_BRAINTREE_1VatD0Bl.pdf,1VatD0BlhGYH-q05GT3sSavkusYb23xbj,BRAINTREE,MA,Active Evaluation,2026-05-11,https://drive.google.com/file/d/1VatD0BlhGYH-q05GT3sSavkusYb23xbj/view,"Failed to retrieve file url:

	Only the owner and editors can download this file. If you'd like to
	download it, please contact the owner.

You may still be able to access the file from the browser:

	https://drive.google.com/uc?id=1VatD0BlhGYH-q05GT3sSavkusYb23xbj

but Gdown can't. Please check connections and permissions."
20260421_PA_BENTWORTH_SD_1fgB0N1m.pdf,1fgB0N1mYKPKmgVlA90CS7zrfet7CcgP4,BENTWORTH SD,PA,Preliminary Consideration,2026-04-21,https://drive.google.com/file/d/1fgB0N1mYKPKmgVlA90CS7zrfet7CcgP4/view,"Failed to retrieve file url:

	Only the owner and editors can download this file. If you'd like to
	download it, please contact the owner.

You may still be able to access the file from the browser:

	https://drive.google.com/uc?id=1fgB0N1mYKPKmgVlA90CS7zrfet7CcgP4

but Gdown can't. Please check connections and permissions."
20260413_TX_CYPRESS_FAIRBANKS_ISD_1z0faepG.pdf,1z0faepG2hCl11U2WZbTMqSfM7zX3MUaK,CYPRESS-FAIRBANKS ISD,TX,Active Evaluation,2026-04-13,https://drive.google.com/file/d/1z0faepG2hCl11U2WZbTMqSfM7zX3MUaK/view,"Failed to retrieve file url:

	Only the owner and editors can download this file. If you'd like to
	download it, please contact the owner.

You may still be able to access the file from the browser:

	https://drive.google.com/uc?id=1z0faepG2hCl11U2WZbTMqSfM7zX3MUaK

but Gdown can't. Please check connections and permissions."
20260520_CA_UNIVERSITY_PREPARATORY_VALUE_HIGH_DISTRICT_1ziH_drC.pdf,1ziH_drCRWphfxBKZbzhEzU9Nn7H0FZnO,UNIVERSITY PREPARATORY VALUE HIGH DISTRICT,CA,Preliminary Consideration,2026-05-20,https://drive.google.com/file/d/1ziH_drCRWphfxBKZbzhEzU9Nn7H0FZnO/view,"Failed to retrieve file url:

	Only the owner and editors can download this file. If you'd like to
	download it, please contact the owner.

You may still be able to access the file from the browser:

	https://drive.google.com/uc?id=1ziH_drCRWphfxBKZbzhEzU9Nn7H0FZnO

but Gdown can't. Please check connections and permissions."
20260416_NY_GILBOA_CONESVILLE_CENTRAL_SCHOOL_DISTRICT_1UlvaKoW.pdf,1UlvaKoW7SYsSz1YpKlEDpP_c0hNYP8_b,GILBOA-CONESVILLE CENTRAL SCHOOL DISTRICT,NY,Preliminary Consideration,2026-04-16,https://drive.google.com/file/d/1UlvaKoW7SYsSz1YpKlEDpP_c0hNYP8_b/view,"Failed to retrieve file url:

	Only the owner and editors can download this file. If you'd like to
	download it, please contact the owner.

You may still be able to access the file from the browser:

	https://drive.google.com/uc?id=1UlvaKoW7SYsSz1YpKlEDpP_c0hNYP8_b

but Gdown can't. Please check connections and permissions."
20260511_KS_LOUISBURG_1LKa5A0d.pdf,1LKa5A0dWWsK6GkcC3PuwagBGomiuu07P,LOUISBURG,KS,Active Evaluation,2026-05-11,https://drive.google.com/file/d/1LKa5A0dWWsK6GkcC3PuwagBGomiuu07P/view,"Failed to retrieve file url:

	Only the owner and editors can download this file. If you'd like to
	download it, please contact the owner.

You may still be able to access the file from the browser:

	https://drive.google.com/uc?id=1LKa5A0dWWsK6GkcC3PuwagBGomiuu07P

but Gdown can't. Please check connections and permissions."
20260416_NY_ATTICA_CENTRAL_SCHOOL_DISTRICT_1qn69Zv8.pdf,1qn69Zv8JJKIVv41SYeKUC1AlYf8z3gvw,ATTICA CENTRAL SCHOOL DISTRICT,NY,Active Evaluation,2026-04-16,https://drive.google.com/file/d/1qn69Zv8JJKIVv41SYeKUC1AlYf8z3gvw/view,"Failed to retrieve file url:

	Only the owner and editors can download this file. If you'd like to
	download it, please contact the owner.

You may still be able to access the file from the browser:

	https://drive.google.com/uc?id=1qn69Zv8JJKIVv41SYeKUC1AlYf8z3gvw

but Gdown can't. Please check connections and permissions."
20260520_CA_CENTRAL_CITY_VALUE_DISTRICT_19IYMPkS.pdf,19IYMPkSaEfjolkfFfrpFZLVCUJ5vdwWK,CENTRAL CITY VALUE DISTRICT,CA,Preliminary Consideration,2026-05-20,https://drive.google.com/file/d/19IYMPkSaEfjolkfFfrpFZLVCUJ5vdwWK/view,"Failed to retrieve file url:

	Only the owner and editors can download this file. If you'd like to
	download it, please contact the owner.

You may still be able to access the file from the browser:

	https://drive.google.com/uc?id=19IYMPkSaEfjolkfFfrpFZLVCUJ5vdwWK

but Gdown can't. Please check connections and permissions."
20260520_CA_DOWNTOWN_VALUE_DISTRICT_1XguIefk.pdf,1XguIefkcIWGuJhRKc6ZQ70XT6PjjUHwE,DOWNTOWN VALUE DISTRICT,CA,Preliminary Consideration,2026-05-20,https://drive.google.com/file/d/1XguIefkcIWGuJhRKc6ZQ70XT6PjjUHwE/view,"Failed to retrieve file url:

	Only the owner and editors can download this file. If you'd like to
	download it, please contact the owner.

You may still be able to access the file from the browser:

	https://drive.google.com/uc?id=1XguIefkcIWGuJhRKc6ZQ70XT6PjjUHwE

but Gdown can't. Please check connections and permissions."
20260408_CA_MCKINLEYVILLE_UNION_ELEMENTARY_1OIALv2g.pdf,1OIALv2gZ06EnqnFtezAf3fa_ye7DH4iu,MCKINLEYVILLE UNION ELEMENTARY,CA,Active Evaluation,2026-04-08,https://drive.google.com/file/d/1OIALv2gZ06EnqnFtezAf3fa_ye7DH4iu/view,"Failed to retrieve file url:

	Only the owner and editors can download this file. If you'd like to
	download it, please contact the owner.

You may still be able to access the file from the browser:

	https://drive.google.com/uc?id=1OIALv2gZ06EnqnFtezAf3fa_ye7DH4iu

but Gdown can't. Please check connections and permissions."
20260507_NY_ATTICA_CENTRAL_SCHOOL_DISTRICT_1wFk8CIg.pdf,1wFk8CIgGK_qAQuX8lUN_inYcgV4wSGVc,ATTICA CENTRAL SCHOOL DISTRICT,NY,Active Evaluation,2026-05-07,https://drive.google.com/file/d/1wFk8CIgGK_qAQuX8lUN_inYcgV4wSGVc/view,"Failed to retrieve file url:

	Only the owner and editors can download this file. If you'd like to
	download it, please contact the owner.

You may still be able to access the file from the browser:

	https://drive.google.com/uc?id=1wFk8CIgGK_qAQuX8lUN_inYcgV4wSGVc

but Gdown can't. Please check connections and permissions."
20260427_AZ_DYSART_UNIFIED_DISTRICT_1MuKhmUQ.pdf,1MuKhmUQ2fsPDpHm37R9oNcVOJ5xHFBEx,DYSART UNIFIED DISTRICT (4243),AZ,Active Evaluation,2026-04-27,https://drive.google.com/file/d/1MuKhmUQ2fsPDpHm37R9oNcVOJ5xHFBEx/view,"Failed to retrieve file url:

	Only the owner and editors can download this file. If you'd like to
	download it, please contact the owner.

You may still be able to access the file from the browser:

	https://drive.google.com/uc?id=1MuKhmUQ2fsPDpHm37R9oNcVOJ5xHFBEx

but Gdown can't. Please check connections and permissions."
20260428_WA_EDMONDS_SCHOOL_DISTRICT_1YRSinTu.pdf,1YRSinTu4y4ZT4Hl49ioLVXAYjmzTTIal,EDMONDS SCHOOL DISTRICT,WA,Active Evaluation,2026-04-28,https://drive.google.com/file/d/1YRSinTu4y4ZT4Hl49ioLVXAYjmzTTIal/view,"Failed to retrieve file url:

	Only the owner and editors can download this file. If you'd like to
	download it, please contact the owner.

You may still be able to access the file from the browser:

	https://drive.google.com/uc?id=1YRSinTu4y4ZT4Hl49ioLVXAYjmzTTIal

but Gdown can't. Please check connections and permissions."
20260430_MA_MARBLEHEAD_15lT2UEK.pdf,15lT2UEKy0ghntPdxd2Yz4vQDXOdbBjJh,MARBLEHEAD,MA,Active Evaluation,2026-04-30,https://drive.google.com/file/d/15lT2UEKy0ghntPdxd2Yz4vQDXOdbBjJh/view,"Failed to retrieve file url:

	Only the owner and editors can download this file. If you'd like to
	download it, please contact the owner.

You may still be able to access the file from the browser:

	https://drive.google.com/uc?id=15lT2UEKy0ghntPdxd2Yz4vQDXOdbBjJh

but Gdown can't. Please check connections and permissions."
20260420_NY_NORTH_SYRACUSE_CENTRAL_SCHOOL_DISTRICT_1hziRfkW.pdf,1hziRfkWhaPHqH4HI3xyvRNzzbLzf5NeI,NORTH SYRACUSE CENTRAL SCHOOL DISTRICT,NY,Active Evaluation,2026-04-20,https://drive.google.com/file/d/1hziRfkWhaPHqH4HI3xyvRNzzbLzf5NeI/view,"Failed to retrieve file url:

	Only the owner and editors can download this file. If you'd like to
	download it, please contact the owner.

You may still be able to access the file from the browser:

	https://drive.google.com/uc?id=1hziRfkWhaPHqH4HI3xyvRNzzbLzf5NeI

but Gdown can't. Please check connections and permissions."
20260504_WI_SPOONER_AREA_SCHOOL_DISTRICT_1Q3h1GiC.pdf,1Q3h1GiC4PcR40uyRgx7Qgena-Bb65MDw,SPOONER AREA SCHOOL DISTRICT,WI,Active Evaluation,2026-05-04,https://drive.google.com/file/d/1Q3h1GiC4PcR40uyRgx7Qgena-Bb65MDw/view,"Failed to retrieve file url:

	Only the owner and editors can download this file. If you'd like to
	download it, please contact the owner.

You may still be able to access the file from the browser:

	https://drive.google.com/uc?id=1Q3h1GiC4PcR40uyRgx7Qgena-Bb65MDw

but Gdown can't. Please check connections and permissions."
20260413_FL_PALM_BEACH_1W83vkti.pdf,1W83vkti15p0y3u2yEwmbW2kN-nWEKCQM,PALM BEACH,FL,Active Evaluation,2026-04-13,https://drive.google.com/file/d/1W83vkti15p0y3u2yEwmbW2kN-nWEKCQM/view,"Failed to retrieve file url:

	Only the owner and editors can download this file. If you'd like to
	download it, please contact the owner.

You may still be able to access the file from the browser:

	https://drive.google.com/uc?id=1W83vkti15p0y3u2yEwmbW2kN-nWEKCQM

but Gdown can't. Please check connections and permissions."
20260421_NH_CONTOOCOOK_VALLEY_SCHOOL_DISTRICT_11y2SClU.pdf,11y2SClUnMw5oqPnw3AJ9sXFWZmZkZuF4,CONTOOCOOK VALLEY SCHOOL DISTRICT,NH,Preliminary Consideration,2026-04-21,https://drive.google.com/file/d/11y2SClUnMw5oqPnw3AJ9sXFWZmZkZuF4/view,"Failed to retrieve file url:

	Only the owner and editors can download this file. If you'd like to
	download it, please contact the owner.

You may still be able to access the file from the browser:

	https://drive.google.com/uc?id=11y2SClUnMw5oqPnw3AJ9sXFWZmZkZuF4

but Gdown can't. Please check connections and permissions."
20260427_OH_ORANGE_CITY_1ZgNyTeZ.pdf,1ZgNyTeZHj9ib6oaNvVOrbpUuPv9nEGFM,ORANGE CITY,OH,Active Evaluation,2026-04-27,https://drive.google.com/file/d/1ZgNyTeZHj9ib6oaNvVOrbpUuPv9nEGFM/view,"Failed to retrieve file url:

	Only the owner and editors can download this file. If you'd like to
	download it, please contact the owner.

You may still be able to access the file from the browser:

	https://drive.google.com/uc?id=1ZgNyTeZHj9ib6oaNvVOrbpUuPv9nEGFM

but Gdown can't. Please check connections and permissions."
20260413_PA_LOWER_DAUPHIN_SD_1JvHGLxT.pdf,1JvHGLxT-ASIFqI84MTU-mt57miW4G3T6,LOWER DAUPHIN SD,PA,Preliminary Consideration,2026-04-13,https://drive.google.com/file/d/1JvHGLxT-ASIFqI84MTU-mt57miW4G3T6/view,"Failed to retrieve file url:

	Only the owner and editors can download this file. If you'd like to
	download it, please contact the owner.

You may still be able to access the file from the browser:

	https://drive.google.com/uc?id=1JvHGLxT-ASIFqI84MTU-mt57miW4G3T6

but Gdown can't. Please check connections and permissions."
20260408_NH_CONTOOCOOK_VALLEY_SCHOOL_DISTRICT_1G93jx9f.pdf,1G93jx9fOTtsIB9ZUjvQNizFgS2XzghQz,CONTOOCOOK VALLEY SCHOOL DISTRICT,NH,Active Evaluation,2026-04-08,https://drive.google.com/file/d/1G93jx9fOTtsIB9ZUjvQNizFgS2XzghQz/view,"Failed to retrieve file url:

	Only the owner and editors can download this file. If you'd like to
	download it, please contact the owner.

You may still be able to access the file from the browser:

	https://drive.google.com/uc?id=1G93jx9fOTtsIB9ZUjvQNizFgS2XzghQz

but Gdown can't. Please check connections and permissions."
20260427_CO_WELD_6_GREELEY_AU_1FCyGTpF.pdf,1FCyGTpFafHX89zVQvtpiL2DfRLN0JRxx,WELD 6 GREELEY AU,CO,Active Evaluation,2026-04-27,https://drive.google.com/file/d/1FCyGTpFafHX89zVQvtpiL2DfRLN0JRxx/view,"Failed to retrieve file url:

	Only the owner and editors can download this file. If you'd like to
	download it, please contact the owner.

You may still be able to access the file from the browser:

	https://drive.google.com/uc?id=1FCyGTpFafHX89zVQvtpiL2DfRLN0JRxx

but Gdown can't. Please check connections and permissions."
20260413_OH_ORANGE_CITY_190P-Wp2.pdf,190P-Wp2uJ0ylhkKM-hFBpaCsUnbb639M,ORANGE CITY,OH,Active Evaluation,2026-04-13,https://drive.google.com/file/d/190P-Wp2uJ0ylhkKM-hFBpaCsUnbb639M/view,"Failed to retrieve file url:

	Only the owner and editors can download this file. If you'd like to
	download it, please contact the owner.

You may still be able to access the file from the browser:

	https://drive.google.com/uc?id=190P-Wp2uJ0ylhkKM-hFBpaCsUnbb639M

but Gdown can't. Please check connections and permissions."
20260408_CA_EASTSIDE_UNION_ELEMENTARY_1JKTF4I9.pdf,1JKTF4I9ReOCFGssOA8sGcjWPb_c5WF-1,EASTSIDE UNION ELEMENTARY,CA,Preliminary Consideration,2026-04-08,https://drive.google.com/file/d/1JKTF4I9ReOCFGssOA8sGcjWPb_c5WF-1/view,"Failed to retrieve file url:

	Only the owner and editors can download this file. If you'd like to
	download it, please contact the owner.

You may still be able to access the file from the browser:

	https://drive.google.com/uc?id=1JKTF4I9ReOCFGssOA8sGcjWPb_c5WF-1

but Gdown can't. Please check connections and permissions."
20260427_IA_OELWEIN_COMM_SCHOOL_DISTRICT_1a1cES0Q.pdf,1a1cES0QVj3Tlx29AnyRmStPw62IU8c_j,OELWEIN COMM SCHOOL DISTRICT,IA,Active Evaluation,2026-04-27,https://drive.google.com/file/d/1a1cES0QVj3Tlx29AnyRmStPw62IU8c_j/view,"Failed to retrieve file url:

	Only the owner and editors can download this file. If you'd like to
	download it, please contact the owner.

You may still be able to access the file from the browser:

	https://drive.google.com/uc?id=1a1cES0QVj3Tlx29AnyRmStPw62IU8c_j

but Gdown can't. Please check connections and permissions."
20260413_WY_NATRONA_COUNTY_SCHOOL_DISTRICT_1_1RH1TZbg.pdf,1RH1TZbgYBCFCMkJMUtz4CKYvUliwwEf8,NATRONA COUNTY SCHOOL DISTRICT #1,WY,Preliminary Consideration,2026-04-13,https://drive.google.com/file/d/1RH1TZbgYBCFCMkJMUtz4CKYvUliwwEf8/view,"Failed to retrieve file url:

	Only the owner and editors can download this file. If you'd like to
	download it, please contact the owner.

You may still be able to access the file from the browser:

	https://drive.google.com/uc?id=1RH1TZbgYBCFCMkJMUtz4CKYvUliwwEf8

but Gdown can't. Please check connections and permissions."
20260414_VA_TRANSITION_SUPPORT_RESOURCE_CTR_FAIRFAX_113Xo3cf.pdf,113Xo3cf-g74AyDcaTF2BoaFN4C2l8pCk,TRANSITION SUPPORT RESOURCE CTR/FAIRFAX,VA,Active Evaluation,2026-04-14,https://drive.google.com/file/d/113Xo3cf-g74AyDcaTF2BoaFN4C2l8pCk/view,"Failed to retrieve file url:

	Only the owner and editors can download this file. If you'd like to
	download it, please contact the owner.

You may still be able to access the file from the browser:

	https://drive.google.com/uc?id=113Xo3cf-g74AyDcaTF2BoaFN4C2l8pCk

but Gdown can't. Please check connections and permissions."
20260428_IL_DOLTON_SD_148_1f7Kbh58.pdf,1f7Kbh585NTFXIZV7lBrB_gKZJWnr_Yzf,DOLTON SD 148,IL,Active Evaluation,2026-04-28,https://drive.google.com/file/d/1f7Kbh585NTFXIZV7lBrB_gKZJWnr_Yzf/view,"Failed to retrieve file url:

	Only the owner and editors can download this file. If you'd like to
	download it, please contact the owner.

You may still be able to access the file from the browser:

	https://drive.google.com/uc?id=1f7Kbh585NTFXIZV7lBrB_gKZJWnr_Yzf

but Gdown can't. Please check connections and permissions."
20260420_SC_RICHLAND_02_1_OeCVxQ.pdf,1_OeCVxQNjgUAj21Czg8r0sWxcfVAuWc6,RICHLAND 02,SC,Active Evaluation,2026-04-20,https://drive.google.com/file/d/1_OeCVxQNjgUAj21Czg8r0sWxcfVAuWc6/view,"Failed to retrieve file url:

	Only the owner and editors can download this file. If you'd like to
	download it, please contact the owner.

You may still be able to access the file from the browser:

	https://drive.google.com/uc?id=1_OeCVxQNjgUAj21Czg8r0sWxcfVAuWc6

but Gdown can't. Please check connections and permissions."
20260414_VA_TRANSITION_SUPPORT_RESOURCE_CTR_FAIRFAX_15ozMrJs.pdf,15ozMrJsg6-F-3J8M7a1AfO2VEd61pgim,TRANSITION SUPPORT RESOURCE CTR/FAIRFAX,VA,Active Evaluation,2026-04-14,https://drive.google.com/file/d/15ozMrJsg6-F-3J8M7a1AfO2VEd61pgim/view,"Failed to retrieve file url:

	Only the owner and editors can download this file. If you'd like to
	download it, please contact the owner.

You may still be able to access the file from the browser:

	https://drive.google.com/uc?id=15ozMrJsg6-F-3J8M7a1AfO2VEd61pgim

but Gdown can't. Please check connections and permissions."
20260409_CT_WOODSTOCK_SCHOOL_DISTRICT_1m5IPJtY.pdf,1m5IPJtYKW-0SaDafPhIZnIBZPcf0oDpJ,WOODSTOCK SCHOOL DISTRICT,CT,Preliminary Consideration,2026-04-09,https://drive.google.com/file/d/1m5IPJtYKW-0SaDafPhIZnIBZPcf0oDpJ/view,"Failed to retrieve file url:

	Only the owner and editors can download this file. If you'd like to
	download it, please contact the owner.

You may still be able to access the file from the browser:

	https://drive.google.com/uc?id=1m5IPJtYKW-0SaDafPhIZnIBZPcf0oDpJ

but Gdown can't. Please check connections and permissions."
20260410_CA_SACRAMENTO_COUNTY_OFFICE_OF_EDUCATION_1i6hARdq.pdf,1i6hARdq0JQbEodFdKGT8EDVLfq8RyQOo,SACRAMENTO COUNTY OFFICE OF EDUCATION,CA,Active Evaluation,2026-04-10,https://drive.google.com/file/d/1i6hARdq0JQbEodFdKGT8EDVLfq8RyQOo/view,"Failed to retrieve file url:

	Only the owner and editors can download this file. If you'd like to
	download it, please contact the owner.

You may still be able to access the file from the browser:

	https://drive.google.com/uc?id=1i6hARdq0JQbEodFdKGT8EDVLfq8RyQOo

but Gdown can't. Please check connections and permissions."
20260421_IL_FRANKFORT_CCSD_157C_1XF4U3XO.pdf,1XF4U3XOOtJCnGIrvpXch1LklBoh7L9cH,FRANKFORT CCSD 157C,IL,Preliminary Consideration,2026-04-21,https://drive.google.com/file/d/1XF4U3XOOtJCnGIrvpXch1LklBoh7L9cH/view,"Failed to retrieve file url:

	Only the owner and editors can download this file. If you'd like to
	download it, please contact the owner.

You may still be able to access the file from the browser:

	https://drive.google.com/uc?id=1XF4U3XOOtJCnGIrvpXch1LklBoh7L9cH

but Gdown can't. Please check connections and permissions."
20260414_VA_FAIRFAX_COUNTY_PUBLIC_SCHOOLS_11-NTiSX.pdf,11-NTiSXG0H1cNu7QA_sFNGYLxuW3mLQ6,FAIRFAX COUNTY PUBLIC SCHOOLS,VA,Active Evaluation,2026-04-14,https://drive.google.com/file/d/11-NTiSXG0H1cNu7QA_sFNGYLxuW3mLQ6/view,"Failed to retrieve file url:

	Only the owner and editors can download this file. If you'd like to
	download it, please contact the owner.

You may still be able to access the file from the browser:

	https://drive.google.com/uc?id=11-NTiSXG0H1cNu7QA_sFNGYLxuW3mLQ6

but Gdown can't. Please check connections and permissions."
20260409_IL_BRADLEY_BOURBONNAIS_CHSD_307_1qMNZC_J.pdf,1qMNZC_J9DB0Q-FwiXEiWtTES0_0tSEXb,BRADLEY BOURBONNAIS CHSD 307,IL,Active Evaluation,2026-04-09,https://drive.google.com/file/d/1qMNZC_J9DB0Q-FwiXEiWtTES0_0tSEXb/view,"Failed to retrieve file url:

	Only the owner and editors can download this file. If you'd like to
	download it, please contact the owner.

You may still be able to access the file from the browser:

	https://drive.google.com/uc?id=1qMNZC_J9DB0Q-FwiXEiWtTES0_0tSEXb

but Gdown can't. Please check connections and permissions."
20260408_NY_WILLIAMSON_CENTRAL_SCHOOL_DISTRICT_1LXOIzfC.pdf,1LXOIzfCaas3fdy-fRtq1X3kCUMld1SPs,WILLIAMSON CENTRAL SCHOOL DISTRICT,NY,Active Evaluation,2026-04-08,https://drive.google.com/file/d/1LXOIzfCaas3fdy-fRtq1X3kCUMld1SPs/view,"Failed to retrieve file url:

	Only the owner and editors can download this file. If you'd like to
	download it, please contact the owner.

You may still be able to access the file from the browser:

	https://drive.google.com/uc?id=1LXOIzfCaas3fdy-fRtq1X3kCUMld1SPs

but Gdown can't. Please check connections and permissions."
20260408_IA_JOHNSTON_COMM_SCHOOL_DISTRICT_1Yelaluy.pdf,1YelaluySUdW8zwe07oCuumqk8U-_NiA4,JOHNSTON COMM SCHOOL DISTRICT,IA,Active Evaluation,2026-04-08,https://drive.google.com/file/d/1YelaluySUdW8zwe07oCuumqk8U-_NiA4/view,"Failed to retrieve file url:

	Only the owner and editors can download this file. If you'd like to
	download it, please contact the owner.

You may still be able to access the file from the browser:

	https://drive.google.com/uc?id=1YelaluySUdW8zwe07oCuumqk8U-_NiA4

but Gdown can't. Please check connections and permissions."
20260408_MI_ANN_ARBOR_PUBLIC_SCHOOLS_1EVWTB2l.pdf,1EVWTB2lwbH8Wk2Hc2SfRJ4JSnHZRUFzh,ANN ARBOR PUBLIC SCHOOLS,MI,Active Evaluation,2026-04-08,https://drive.google.com/file/d/1EVWTB2lwbH8Wk2Hc2SfRJ4JSnHZRUFzh/view,"Failed to retrieve file url:

	Only the owner and editors can download this file. If you'd like to
	download it, please contact the owner.

You may still be able to access the file from the browser:

	https://drive.google.com/uc?id=1EVWTB2lwbH8Wk2Hc2SfRJ4JSnHZRUFzh

but Gdown can't. Please check connections and permissions."
20260413_IA_OELWEIN_COMM_SCHOOL_DISTRICT_1zt-vjfT.pdf,1zt-vjfT62ikqMmxkgoFDmoJ2-ilwyCWj,OELWEIN COMM SCHOOL DISTRICT,IA,Active Evaluation,2026-04-13,https://drive.google.com/file/d/1zt-vjfT62ikqMmxkgoFDmoJ2-ilwyCWj/view,"Failed to retrieve file url:

	Only the owner and editors can download this file. If you'd like to
	download it, please contact the owner.

You may still be able to access the file from the browser:

	https://drive.google.com/uc?id=1zt-vjfT62ikqMmxkgoFDmoJ2-ilwyCWj

but Gdown can't. Please check connections and permissions."
20260414_FL_LEE_1Sn_CLnc.pdf,1Sn_CLnc6E5kDWYywbQcBvXHtewHIsOeN,LEE,FL,Active Evaluation,2026-04-14,https://drive.google.com/file/d/1Sn_CLnc6E5kDWYywbQcBvXHtewHIsOeN/view,"Failed to retrieve file url:

	Only the owner and editors can download this file. If you'd like to
	download it, please contact the owner.

You may still be able to access the file from the browser:

	https://drive.google.com/uc?id=1Sn_CLnc6E5kDWYywbQcBvXHtewHIsOeN

but Gdown can't. Please check connections and permissions."
